,nazwa,Korekta,rodzaj,nazwa2,,Model,Numer wewnętrzny,Właściwa kategoria główna,Kategoria I,Kategoria II,Kategoria III,Zasięg,Udźwig (t),Dodatki
10104,Usługa wózkiem widłowym 8t,,Usługa,ogólna,x,,,Wozidła,Wózki widłowe,,,-,8,-
7051,Usługa wózkiem widłowym 8t,,Usługa,Wózki widlowe,x,,,Wozidła,Wózki widłowe,,,-,8,-
5076,Wózek widłowy 8t,,artykuł,Wózki widlowe,x,,,Wozidła,Wózki widłowe,,,-,8,-
8074,Wózek widłowy 8t,,artykuł,Wózki widlowe,x,,,Wozidła,Wózki widłowe,,,-,8,-
9053,Usługa wózkiem widłowym 7t,,Usługa,Wózki widlowe,x,,,Wozidła,Wózki widłowe,,,-,7,-
12129,Wózek widłowy 6t,,artykuł,ogólna,x,,,Wozidła,Wózki widłowe,,,-,6,-
10060,Wózek elektryczny 5t,,artykuł,Wózki widlowe,x,,,Wozidła,Wózek widłowy,Wózek widłowy elektryczny,,-,5,-
10082,Wózek widłowy 5t,,artykuł,Wózki widlowe,x,,,Wozidła,Wózki widłowe,,,-,5,-
3031,Wózek widłowy 5t - 21m.,,artykuł,Wózki widlowe,x,,,Wozidła,Wózki widłowe,,,21m,5,-
5088,Wózek widłowy 5t LPG,,artykuł,Wózki widlowe,x,,,Wozidła,Wózki widłowe,,,-,5,LPG
8054,Wózek widłowy 5t LPG,,artykuł,Wózki widlowe,x,,,Wozidła,Wózki widłowe,,,-,5,LPG
11090,Wózek widłowy elektryczny 5t,,artykuł,ogólna,x,,,Wozidła,Wózki widłowe,Wózki widłowe elektryczne,,-,5,-
5074,Zagęszczarka płytowa 450 kg,,artykuł,ogólna,x,,,Akcesoria,Zagęszczarka płytowa ,,,-,"0,45",-
11099,Usługa wózkiem widłowym 4.5t,,Usługa,ogólna,x,,,Wozidła,Wózki widłowe,,,-,"4,5",-
12108,Usługa ładowarką teleskopowa 3t,,Usługa,ogólna,x,,,Ładowarki teleskopowe,Ładowarki teleskopowe sztywne,,,-,3,-
12100,Usługa wózkiem widłowym 3t,,artykuł,ogólna,x,,,Wozidła,Wózki widłowe,,,-,3,-
12101,Usługa wózkiem widłowym 3t,,Usługa,ogólna,x,,,Wozidła,Wózki widłowe,,,-,3,-
10098,Wozidło budowlane 3t,,artykuł,ogólna,x,,,Wozidła,,,,-,3,-
5073,"Usługa wózkiem widłowym 3,5t",,artykuł,Wózki widlowe,x,,,Wozidła,Wózki widłowe,,,-,"3,5",-
12135,"Wózek widłowy 3,5t",,artykuł,ogólna,x,,,Wozidła,Wózki widłowe,,,-,"3,5",-
10086,"Wózek widłowy 3,5t LPG",,artykuł,Wózki widlowe,x,,,Wozidła,Wózki widłowe,,,-,"3,5",LPG
10087,"Wózek widłowy 3,5t LPG z przedłużkami",,artykuł,Wózki widlowe,x,,,Wozidła,Wózki widłowe,,,-,"3,5",LPG z przedłużkami
10088,"Wózek widłowy 3,5t spalinowy z przedłużkami",,artykuł,Wózki widlowe,x,,,Wozidła,Wózki widłowe,Wózki widłowe spalinowe,,-,"3,5",z przedłużkami
12110,Usługa wókiem widłowym 2t LPG,,Usługa,Wózki widlowe spalinowe,x,,,Wozidła,Wózki widłowe,,,,2,LPG
12114,Usługa wózkiem widłowym 2t z przedłużkami,,Usługa,ogólna,x,,,Wozidła,Wózki widłowe,,,-,2,z przedłużkami
5072,Wózek widłowy 2t,,artykuł,Wózki widlowe,x,,,Wozidła,Wózki widłowe,,,-,2,-
10084,Wózek widłowy 2t,,artykuł,Wózki widlowe,x,,,Wozidła,Wózki widłowe,,,-,2,-
4058,Wózek widłowy 2t,,artykuł,Wózki widlowe,x,,,Wozidła,Wózki widłowe,,,-,2,-
12128,Wózek widłowy 2t elektryczny,,artykuł,ogólna,x,,,Wozidła,Wózki widłowe,Wózki widłowe elektryczne,,-,2,-
11096,Wózek widłowy LPG 2t,,artykuł,ogólna,x,,,Wozidła,Wózki widłowe,Wózki widłowe gazowe,,-,2,LPG
12134,Wózek widłowy LPG 2t,,artykuł,ogólna,x,,,Wozidła,Wózki widłowe,Wózki widłowe gazowe,,-,2,LPG
11127,"Usługa wózkiem widłowym 2,5t",,Usługa,ogólna,x,,,Wozidła,Wózki widłowe,,,-,"2,5",-
8063,"Usługa wózkiem widłowym 2,5t",,Usługa,Wózki widlowe,x,,,Wozidła,Wózki widłowe,,,-,"2,5",-
9045,"Wózek widłowy 2,5",,artykuł,Wózki widlowe,x,,,Wozidła,Wózki widłowe,,,-,"2,5",-
9046,"wózek widłowy 2,5t",,artykuł,Wózki widlowe,x,,,Wozidła,Wózki widłowe,,,-,"2,5",-
10049,"Wózek widłowy 2,5t",,artykuł,Wózki widlowe,x,,,Wozidła,Wózki widłowe,,,-,"2,5",-
9047,"Wózek widłowy 2,5t",,artykuł,Wózki widlowe,x,,,Wozidła,Wózki widłowe,,,-,"2,5",-
7050,"Wózek widłowy LPG 2,5t",,artykuł,Wózki widlowe,x,,,Wozidła,Wózki widłowe,,,-,"2,5",LPG
2013,Usługa ładowarka teleskopowa 10 t,,Usługa,Ladowarki teleskopowe,x,,,Ładowarka teleskopowa,Ładowarki Teleskopowe Sztywne,,,-,10,-
12126,Usługa ładowarką teleskopową 10t,,Usługa,ogólna,x,,,Ładowarka teleskopowa,Ładowarki Teleskopowe Sztywne,,,-,10,-
5063,"Wózek widłowy 1,6t elektryczny",,artykuł,Wózki widlowe,x,,,Wozidła,Wózki widłowe,Wózki widłowe elektryczne,,-,"1,6",-
5084,Ładowarka obrotowa 16 m,,artykuł,ogólna,x,,,Ładowarki Teleskopowe,Ładowarki Teleskopowe Obrotowe,,,16m,-,-
11110,Ładowarka teleskopowa 12m,,artykuł,ogólna,x,,,Ładowarki Teleskopowe ,Ładowarki Teleskopowe Sztywne,,,12m,-,-
6045,Ładowarka teleskopowa 13m,,artykuł,Ladowarki teleskopowe,x,,,Ładowarki Teleskopowe ,Ładowarki Teleskopowe Sztywne,,,13m,-,-
3035,Ładowarka teleskopowa 13m,,artykuł,Ladowarki teleskopowe,x,,,Ładowarki Teleskopowe ,Ładowarki Teleskopowe Sztywne,,,13m,-,-
8049,Ładowarka teleskopowa 13m,,artykuł,Ladowarki teleskopowe,x,,,Ładowarki Teleskopowe ,Ładowarki Teleskopowe Sztywne,,,13m,-,-
10056,Ładowarka teleskopowa 13m z łyżką,,artykuł,Ladowarki teleskopowe,x,,,Ładowarki Teleskopowe ,Ładowarki Teleskopowe Sztywne,,,13m,-,z łyżką
10077,Ładowarka teleskopowa 14m,,artykuł,Ladowarki teleskopowe,x,,,Ładowarki Teleskopowe ,Ładowarki Teleskopowe Sztywne,,,14m,-,-
12105,Ładowarka teleskopowa 14m,,artykuł,ogólna,x,,,Ładowarki Teleskopowe ,Ładowarki Teleskopowe Sztywne,,,14m,-,-
5055,Ładowarka teleskopowa 14m,,artykuł,Ladowarki teleskopowe,x,,,Ładowarki Teleskopowe ,Ładowarki Teleskopowe Sztywne,,,14m,-,-
11117,Ładowarka teleskopowa 17m,,artykuł,ogólna,x,,,Ładowarki Teleskopowe ,Ładowarki Teleskopowe Sztywne,,,17m,-,-
7052,Ładowarka teleskopowa 17m,,artykuł,Ladowarki teleskopowe,x,,,Ładowarki Teleskopowe ,Ładowarki Teleskopowe Sztywne,,,17m,-,-
8058,Ładowarka teleskopowa 17m,,artykuł,Ladowarki teleskopowe,x,,,Ładowarki Teleskopowe ,Ładowarki Teleskopowe Sztywne,,,17m,-,-
10103,Ładowarka teleskopowa 17m,,artykuł,Ladowarki teleskopowe,x,,,Ładowarki Teleskopowe ,Ładowarki Teleskopowe Sztywne,,,17m,-,-
11095,Ładowarka teleskopowa 17m z hakiem,,artykuł,ogólna,x,,,Ładowarki Teleskopowe ,Ładowarki Teleskopowe Sztywne,,,17m,-,z hakiem
11122,Ładowarka teleskopowa 17m z łyżką,,artykuł,ogólna,x,,,Ładowarki Teleskopowe ,Ładowarki Teleskopowe Sztywne,,,17m,-,z łyżką
10089,Ładowarka teleskopowa 17m z przedłużkami,,artykuł,Ladowarki teleskopowe,x,,,Ładowarki Teleskopowe ,Ładowarki Teleskopowe Sztywne,,,17m,-,z przedłużkami
3030,Ładowarka teleskopowa 21,,artykuł,Ladowarki teleskopowe,x,,,Ładowarki Teleskopowe ,Ładowarki Teleskopowe Sztywne,,,21m,-,-
10080,Ładowarka teleskopowa 21m,,artykuł,Ladowarki teleskopowe,x,,,Ładowarki Teleskopowe ,Ładowarki Teleskopowe Sztywne,,,21m,-,-
5075,Ładowarka teleskopowa 6m,,artykuł,Ladowarki teleskopowe,x,,,Ładowarki Teleskopowe ,Ładowarki Teleskopowe Sztywne,,,6m,-,-
2017,Ładowarka teleskopowa- 6m,,artykuł,Ladowarki teleskopowe,x,,,Ładowarki Teleskopowe ,Ładowarki Teleskopowe Sztywne,,,6m,-,-
5087,Ładowarka teleskopowa 6m z łyżką,,artykuł,Ladowarki teleskopowe,x,,,Ładowarki Teleskopowe ,Ładowarki Teleskopowe Sztywne,,,6m,-,z łyżką
10078,Ładowarka teleskopowa 8m,,artykuł,Ladowarki teleskopowe,x,,,Ładowarki Teleskopowe ,Ładowarki Teleskopowe Sztywne,,,8m,-,-
3032,Ładowarka teleskopowa 9m,,artykuł,Ladowarki teleskopowe,x,,,Ładowarki Teleskopowe ,Ładowarki Teleskopowe Sztywne,,,9m,-,-
10070,Ładowarka teleskopowa Dieci Apollo 25.6,,artykuł,Ladowarki teleskopowe,x,Dieci Apollo 25.6,,Ładowarki Teleskopowe ,Ładowarki Teleskopowe Sztywne,,,-,-,Dieci Apollo 25.6
12099,Ładowarka teleskopowa obrotowa 16m,,artykuł,ogólna,x,,,Ładowarki Teleskopowe ,Ładowarki Teleskopowe Obrotowe,,,16m,-,-
10096,Ładowarka teleskopowa obrotowa 16m,,artykuł,Ladowarki teleskopowe,x,,,Ładowarki Teleskopowe ,Ładowarki Teleskopowe Obrotowe,Obrotowe,,16m,-,-
11097,Ładowarka teleskopowa obrotowa 18m,,artykuł,ogólna,x,,,Ładowarki Teleskopowe ,Ładowarki Teleskopowe Obrotowe,Obrotowe,,18m,-,-
11112,Ładowarka teleskopowa obrotowa 18m,,artykuł,ogólna,x,,,Ładowarki Teleskopowe ,Ładowarki Teleskopowe Obrotowe,Obrotowe,,18m,-,-
10061,Ładowarka teleskopowa obrotowa 18m,,artykuł,Ladowarki teleskopowe,x,,,Ładowarki Teleskopowe ,Ładowarki Teleskopowe Obrotowe,Obrotowe,,18m,-,-
11101,Ładowarka teleskopowa obrotowa 21m,,artykuł,ogólna,x,,,Ładowarki Teleskopowe ,Ładowarki Teleskopowe Obrotowe,Obrotowe,,21m,-,-
11102,Ładowarka teleskopowa obrotowa 21m,,artykuł,ogólna,x,,,Ładowarki Teleskopowe ,Ładowarki Teleskopowe Obrotowe,Obrotowe,,21m,-,-
10045,Ładowarka teleskopowa obrotowa 21m,,artykuł,Ladowarki teleskopowe,x,,,Ładowarki Teleskopowe ,Ładowarki Teleskopowe Obrotowe,Obrotowe,,21m,-,-
8048,Ładowarka teleskopowa obrotowa 21m,,artykuł,Ladowarki teleskopowe,x,,,Ładowarki Teleskopowe ,Ładowarki Teleskopowe Obrotowe,Obrotowe,,21m,-,-
5059,Ładowarka teleskopowa obrotowa 21m z wciągarką,,artykuł,Ladowarki teleskopowe,x,,,Ładowarki Teleskopowe ,Ładowarki Teleskopowe Obrotowe,Obrotowe,,21m,-,z wciągarką
5052,Ładowarka teleskopowa obrotowa 21m z wciągarką,,artykuł,Ladowarki teleskopowe,x,,,Ładowarki Teleskopowe ,Ładowarki Teleskopowe Obrotowe,Obrotowe,,21m,-,z wciągarką
4060,Ładowarka teleskopowa obrotowa 21m z wciągarką,,artykuł,Ladowarki teleskopowe,x,,,Ładowarki Teleskopowe ,Ładowarki Teleskopowe Obrotowe,Obrotowe,,21m,-,z wciągarką
10113,Ładowarka teleskopowa obrotowa 25m,,artykuł,ogólna,x,,,Ładowarki Teleskopowe ,Ładowarki Teleskopowe Obrotowe,Obrotowe,,25m,-,-
10075,Ładowarka teleskopowa z łyżką,,artykuł,Ladowarki teleskopowe,x,,,Ładowarki Teleskopowe ,Ładowarki Teleskopowe Sztywne,,,-,-,z łyżką
12104,Ładowarka teleskopowo - obrotowa 21m,,artykuł,ogólna,x,,,Ładowarki Teleskopowe ,Ładowarki Teleskopowe Obrotowe,,,21m,-,-
12107,Ładowarka teleskopowo - obrotowa18m,,artykuł,ogólna,x,,,Ładowarki Teleskopowe ,Ładowarki Teleskopowe Obrotowe,,,18m,-,-
10054,Mini żuraw Unic 295,,artykuł,ogólna,x,Unic 295,,Miniżuraw,,,,-,-,Unic 295
3024,nożycowy Podnośnik elektryczny,,artykuł,Podesty nozycowe elektryczne,x,,,Podnośniki Nożycowe,Podnośniki Nożycowe Elektryczne,,,-,-,-
5043,Podest nożycowy elektryczny 10m,,artykuł,Podesty nozycowe,x,,,Podnośniki Nożycowe,Podnośniki Nożycowe Elektryczne,,,10m,-,-
5093,Podest nożycowy elektryczny 16m,,artykuł,Podesty nozycowe,x,,,Podnośniki Nożycowe,Podnośniki Nożycowe Elektryczne,,,16m,-,-
5042,Podest nożycowy elektryczny 8m,,artykuł,Podesty nozycowe,x,,,Podnośniki Nożycowe,Podnośniki Nożycowe Elektryczne,,,8m,-,-
5086,Podest nożycowy spalinowy 15 m,,artykuł,Podesty nozycowe,x,,,Podnośniki Nożycowe,Podnośniki Nożycowe Spalinowe,,,15m,-,-
4062,Podest przegubowo - teleskopowy spalinowy 16mP,,artykuł,Podesty przegubowo-teleskopowe,x,,,Podnośniki Teleskopowe,Podnośniki Teleskopowe Spalinowe,,,16m,-,-
4061,Podest przegubowo-teleskopowy spalinowy,,artykuł,Podesty przegubowo-teleskopowe,x,,,Podnośniki Teleskopowe,Podnośniki Teleskopowe Spalinowe,,,16m,-,-
12113,Podnosnik nożycowy elektryczny 14m terenowy,,artykuł,Podesty nozycowe elektryczne,x,,,Podnośniki Nożycowe,Podnośniki Nożycowe Elektryczne,,,14m,-,terenowe
10074,Podnosnik przegubowo-teleskopowy spalinowy 16m,,artykuł,ogólna,x,,,Podnośniki Teleskopowe,Podnośniki Teleskopowe Spalinowe,,,16m,-,-
6047,Podnośnik gąsienicowy CELA DT25,,artykuł,ogólna,x,CELA DT25,,Podnośniki Specjalne,Podnośniki Gąsienicowe,,,-,-,CELA DT25
6048,Podnośnik gąsienicowy CELA DT25,,artykuł,ogólna,x,CELA DT25,,Podnośniki Specjalne,Podnośniki Gąsienicowe,,,-,-,CELA DT26
8064,Podnośnik gąsienicowy CELA DT25,,artykuł,ogólna,x,CELA DT25,,Podnośniki Specjalne,Podnośniki Gąsienicowe,,,-,-,CELA DT27
5050,Podnośnik koszowy 16m,,artykuł,ogólna,x,,,Podnośniki Koszowe,,,,16m,-,-
8068,Podnośnik koszowy 25m,,artykuł,ogólna,x,,,Podnośniki Koszowe,,,,25m,-,-
8071,Podnośnik koszowy na samochodzie 16m,,artykuł,ogólna,x,,,Podnośnik na samochodzie,Podnośnik koszowy na samochodzie,,,16m,-,na samochodzie
12106,Podnośnik koszowy na samochodzie 20m,,artykuł,ogólna,x,,,Podnośnik na samochodzie,Podnośnik koszowy na samochodzie,,,20m,-,na samochodzie
10057,Podnośnik na przyczepie 17m,,artykuł,ogólna,x,,,Podnośniki Specjalne,Podnośniki na przyczepkach,,,17m,-,-
10111,Podnośnik nożycowe spalinowy 18m,,artykuł,ogólna,x,,,Podnośniki Nożycowe,Podnośniki Nożycowe Spalinowe,Spalinowe,,18m,-,-
3021,Podnośnik nożycowy 14ma,,artykuł,Podesty nozycowe elektryczne,x,,,Podnośniki Nożycowe,,,,14m,-,-
11119,Podnośnik nożycowy 6m,,artykuł,ogólna,x,,,Podnośniki Nożycowe,,,,6m,-,-
11120,Podnośnik nożycowy 6m,,artykuł,ogólna,x,,,Podnośniki Nożycowe,,,,6m,-,-
11121,Podnośnik nożycowy 6m,,artykuł,ogólna,x,,,Podnośniki Nożycowe,,,,6m,-,-
2016,Podnośnik nożycowy elektryczny,,artykuł,Podesty nozycowe elektryczne,x,,,Podnośniki Nożycowe,Podnośniki Nożycowe Elektryczne,,,-,-,-
3022,Podnośnik nożycowy elektryczny,,artykuł,Podesty nozycowe elektryczne,x,,,Podnośniki Nożycowe,Podnośniki Nożycowe Elektryczne,,,-,-,-
10050,Podnośnik nożycowy elektryczny,,artykuł,Podesty nozycowe elektryczne,x,,,Podnośniki Nożycowe,Podnośniki Nożycowe Elektryczne,,,-,-,-
8067,Podnośnik nożycowy elektryczny 10,,artykuł,Podesty nozycowe elektryczne,x,,,Podnośniki Nożycowe,Podnośniki Nożycowe Elektryczne,,,10m,-,-
9049,Podnośnik nożycowy elektryczny 10m,,artykuł,Podesty nozycowe elektryczne,x,,,Podnośniki Nożycowe,Podnośniki Nożycowe Elektryczne,,,10m,-,-
11123,Podnośnik nożycowy elektryczny 12m,,artykuł,ogólna,x,,,Podnośniki Nożycowe,Podnośniki Nożycowe Elektryczne,,,12m,-,-
8053,Podnośnik nożycowy elektryczny 12m,,artykuł,Podesty nozycowe elektryczne,x,,,Podnośniki Nożycowe,Podnośniki Nożycowe Elektryczne,,,12m,-,-
12116,Podnośnik nożycowy elektryczny 12m,,artykuł,ogólna,x,,,Podnośniki Nożycowe,Podnośniki Nożycowe Elektryczne,,,12m,-,-
12117,Podnośnik nożycowy elektryczny 12m,,artykuł,ogólna,x,,,Podnośniki Nożycowe,Podnośniki Nożycowe Elektryczne,,,12m,-,-
12122,Podnośnik nożycowy elektryczny 12m,,artykuł,ogólna,x,,,Podnośniki Nożycowe,Podnośniki Nożycowe Elektryczne,,,12m,-,-
12123,Podnośnik nożycowy elektryczny 12m,,artykuł,ogólna,x,,,Podnośniki Nożycowe,Podnośniki Nożycowe Elektryczne,,,12m,-,-
11107,Podnośnik nożycowy elektryczny 14m,,artykuł,ogólna,x,,,Podnośniki Nożycowe,Podnośniki Nożycowe Elektryczne,,,14m,-,-
12119,Podnośnik nożycowy elektryczny 14m,,artykuł,ogólna,x,,,Podnośniki Nożycowe,Podnośniki Nożycowe Elektryczne,,,14m,-,-
12131,Podnośnik nożycowy elektryczny 14m,,artykuł,ogólna,x,,,Podnośniki Nożycowe,Podnośniki Nożycowe Elektryczne,,,14m,-,-
12132,Podnośnik nożycowy elektryczny 14m,,artykuł,ogólna,x,,,Podnośniki Nożycowe,Podnośniki Nożycowe Elektryczne,,,14m,-,-
10083,Podnośnik nożycowy elektryczny 14m,,artykuł,Podesty nozycowe elektryczne,x,,,Podnośniki Nożycowe,Podnośniki Nożycowe Elektryczne,,,14m,-,-
12120,Podnośnik nożycowy elektryczny 16m,,artykuł,ogólna,x,,,Podnośniki Nożycowe,Podnośniki Nożycowe Elektryczne,,,16m,-,-
4064,"Podnośnik nożycowy elektryczny 6,3m",,artykuł,Podesty nozycowe elektryczne,x,,,Podnośniki Nożycowe,Podnośniki Nożycowe Elektryczne,,,"6,3m",-,-
11105,Podnośnik nożycowy elektryczny 6m,,artykuł,ogólna,x,,,Podnośniki Nożycowe,Podnośniki Nożycowe Elektryczne,,,6m,-,-
11106,Podnośnik nożycowy elektryczny 6m,,artykuł,ogólna,x,,,Podnośniki Nożycowe,Podnośniki Nożycowe Elektryczne,,,6m,-,-
5083,Podnośnik nożycowy elektryczny 6m,,artykuł,Podesty nozycowe elektryczne,x,,,Podnośniki Nożycowe,Podnośniki Nożycowe Elektryczne,,,6m,-,-
10073,Podnośnik nożycowy elektryczny 6m,,artykuł,Podesty nozycowe elektryczne,x,,,Podnośniki Nożycowe,Podnośniki Nożycowe Elektryczne,,,6m,-,-
5081,Podnośnik nożycowy elektryczny 6m,,artykuł,Podesty nozycowe elektryczne,x,,,Podnośniki Nożycowe,Podnośniki Nożycowe Elektryczne,,,6m,-,-
4063,Podnośnik nożycowy elektryczny 8m,,artykuł,Podesty nozycowe elektryczne,x,,,Podnośniki Nożycowe,Podnośniki Nożycowe Elektryczne,,,8m,-,-
7047,Podnośnik nożycowy elektryczny 8m,,artykuł,Podesty nozycowe elektryczne,x,,,Podnośniki Nożycowe,Podnośniki Nożycowe Elektryczne,,,8m,-,-
7048,Podnośnik nożycowy elektryczny 8m,,artykuł,Podesty nozycowe elektryczne,x,,,Podnośniki Nożycowe,Podnośniki Nożycowe Elektryczne,,,8m,-,-
10059,Podnośnik nożycowy elektryczny 8m,,artykuł,Podesty nozycowe elektryczne,x,,,Podnośniki Nożycowe,Podnośniki Nożycowe Elektryczne,,,8m,-,-
10051,Podnośnik nożycowy elektryczny 8m,,artykuł,Podesty nozycowe elektryczne,x,,,Podnośniki Nożycowe,Podnośniki Nożycowe Elektryczne,,,8m,-,-
10052,Podnośnik nożycowy elektryczny 8m,,artykuł,Podesty nozycowe elektryczne,x,,,Podnośniki Nożycowe,Podnośniki Nożycowe Elektryczne,,,8m,-,-
10090,Podnośnik nożycowy elektryczny 8m,,artykuł,Podesty nozycowe elektryczne,x,,,Podnośniki Nożycowe,Podnośniki Nożycowe Elektryczne,,,8m,-,-
10094,Podnośnik nożycowy elektryczny 8m,,artykuł,Podesty nozycowe elektryczne,x,,,Podnośniki Nożycowe,Podnośniki Nożycowe Elektryczne,,,8m,-,-
10095,Podnośnik nożycowy elektryczny 8m,,artykuł,Podesty nozycowe elektryczne,x,,,Podnośniki Nożycowe,Podnośniki Nożycowe Elektryczne,,,8m,-,-
8069,Podnośnik nożycowy spalinowy 12m,,artykuł,Podesty nozycowe diesel,x,,,Podnośniki Nożycowe,Podnośniki Nożycowe Spalinowe,,,12m,-,-
10063,Podnośnik nożycowy spalinowy 12m,,artykuł,Podesty nozycowe diesel,x,,,Podnośniki Nożycowe,Podnośniki Nożycowe Spalinowe,,,12m,-,-
10062,Podnośnik nożycowy spalinowy 12m,,artykuł,Podesty nozycowe diesel,x,,,Podnośniki Nożycowe,Podnośniki Nożycowe Spalinowe,,,12m,-,-
8046,Podnośnik nożycowy spalinowy 13m,,artykuł,Podesty nozycowe diesel,x,,,Podnośniki Nożycowe,Podnośniki Nożycowe Spalinowe,,,13m,-,-
8047,Podnośnik nożycowy spalinowy 15m,,artykuł,Podesty nozycowe diesel,x,,,Podnośniki Nożycowe,Podnośniki Nożycowe Spalinowe,,,15m,-,-
8059,Podnośnik nożycowy spalinowy 15m,,artykuł,Podesty nozycowe diesel,x,,,Podnośniki Nożycowe,Podnośniki Nożycowe Spalinowe,,,15m,-,-
11113,Podnośnik nożycowy spalinowy 18m,,artykuł,ogólna,x,,,Podnośniki Nożycowe,Podnośniki Nożycowe Spalinowe,,,18m,-,-
11118,Podnośnik nożycowy spalinowy 18m,,artykuł,ogólna,x,,,Podnośniki Nożycowe,Podnośniki Nożycowe Spalinowe,,,18m,-,-
10093,Podnośnik nożycowy spalinowy Genie GS 5390 RT,,artykuł,Podesty nozycowe diesel,x,Genie GS 5390 RT,,Podnośniki Nożycowe,Podnośniki Nożycowe Spalinowe,,,-,-,
10108,Podnośnik przegubowo - teleskopowy elektryczny,,artykuł,ogólna,x,,,Podnośniki Teleskopowe,Podnośniki Teleskopowe Elektryczne,,,-,-,-
10109,Podnośnik przegubowo - teleskopowy elektryczny,,artykuł,ogólna,x,,,Podnośniki Teleskopowe,Podnośniki Teleskopowe Elektryczne,,,-,-,-
10105,Podnośnik przegubowo – teleskopowy spalinowy 16 m,,artykuł,ogólna,x,,,Podnośniki Teleskopowe,Podnośniki Teleskopowe Elektryczne,,,-,-,-
10106,Podnośnik przegubowo – teleskopowy spalinowy 16 m,,artykuł,ogólna,x,,,Podnośniki Teleskopowe,Podnośniki Teleskopowe Spalinowe,,,16m,-,-
10092,Podnośnik przegubowo – teleskopowy spalinowy 16 m,,artykuł,Podesty przegubowo-teleskopowe,x,,,Podnośniki Teleskopowe,Podnośniki Teleskopowe Spalinowe,,,16m,-,-
12125,Podnośnik przegubowo – teleskopowy spalinowy 16m,usługa -> artykuł,Usługa,ogólna,x,,,Podnośniki Teleskopowe,Podnośniki Teleskopowe Spalinowe,,,16m,-,-
4056,Podnośnik przegubowo-teleskopowy,,artykuł,Podesty przegubowo-teleskopowe,x,,,Podnośniki Teleskopowe,Podnośniki Teleskopowe Spalinowe,,,16m,-,-
4057,Podnośnik przegubowo-teleskopowy elektryczny 17m,,artykuł,Podesty przegubowo-teleskopowe,x,,,Podnośniki Teleskopowe,Podnośniki Teleskopowe Elektryczne,,,17m,-,-
5095,Podnośnik przegubowo-teleskopowy spalinowy 15m,,artykuł,Podesty przegubowo-teleskopowe,x,,,Podnośniki Teleskopowe,Podnośniki Teleskopowe Spalinowe,,,15m,-,-
5096,Podnośnik przegubowo-teleskopowy spalinowy 17m,,artykuł,Podesty przegubowo-teleskopowe,x,,,Podnośniki Teleskopowe,Podnośniki Teleskopowe Spalinowe,,,17m,-,-
9048,Podnośnik teleskopowo - przegubowy 16m,,artykuł,ogólna,x,,,Podnośniki Teleskopowe,,,,16m,-,-
12098,Podnośnik teleskopowo - przegubowy 16m,,artykuł,ogólna,x,,,Podnośniki Teleskopowe,,,,16m,-,-
6046,Podnośnik teleskopowo - przegubowy 18m,,artykuł,ogólna,x,,,Podnośniki Teleskopowe,,,,18m,-,-
5110,Podnośnik teleskopowo - przegubowy 20 m,,artykuł,ogólna,x,,,Podnośniki Teleskopowe,,,,20m,-,-
5109,Podnośnik teleskopowo - przegubowy 20m,,artykuł,ogólna,x,,,Podnośniki Teleskopowe,,,,20m,-,-
8072,Podnośnik teleskopowo - przegubowy elektryczny 12m,,artykuł,Podesty przegubowo-teleskopowe elektryczne,x,,,Podnośniki Teleskopowe,Podnośniki Teleskopowe Elektryczne,,,12m,-,-
8073,Podnośnik teleskopowo - przegubowy elektryczny 12m,,artykuł,Podesty przegubowo-teleskopowe elektryczne,x,,,Podnośniki Teleskopowe,Podnośniki Teleskopowe Elektryczne,,,12m,-,-
11108,Podnośnik teleskopowo - przegubowy elektryczny 16m,,artykuł,ogólna,x,,,Podnośniki Teleskopowe,Podnośniki Teleskopowe Elektryczne,,,16m,-,-
7054,Podnośnik teleskopowo - przegubowy elektryczny 16m,,artykuł,Podesty przegubowo-teleskopowe elektryczne,x,,,Podnośniki Teleskopowe,Podnośniki Teleskopowe Elektryczne,,,16m,-,-
9056,Podnośnik teleskopowo - przegubowy elektryczny 16m,,artykuł,Podesty przegubowo-teleskopowe elektryczne,x,,,Podnośniki Teleskopowe,Podnośniki Teleskopowe Elektryczne,,,16m,-,-
9057,Podnośnik teleskopowo - przegubowy elektryczny 16m,,artykuł,Podesty przegubowo-teleskopowe elektryczne,x,,,Podnośniki Teleskopowe,Podnośniki Teleskopowe Elektryczne,,,16m,-,-
11092,Podnośnik teleskopowo - przegubowy elektryczny 17m,,artykuł,ogólna,x,,,Podnośniki Teleskopowe,Podnośniki Teleskopowe Elektryczne,,,17m,-,-
9054,Podnośnik teleskopowo - przegubowy elektryczny 17m,,artykuł,Podesty przegubowo-teleskopowe elektryczne,x,,,Podnośniki Teleskopowe,Podnośniki Teleskopowe Elektryczne,,,17m,-,-
8057,Podnośnik teleskopowo - przegubowy elektryczny 17m,,artykuł,Podesty przegubowo-teleskopowe elektryczne,x,,,Podnośniki Teleskopowe,Podnośniki Teleskopowe Elektryczne,,,17m,-,-
9055,Podnośnik teleskopowo - przegubowy elektryczny 20m,,artykuł,Podesty przegubowo-teleskopowe elektryczne,x,,,Podnośniki Teleskopowe,Podnośniki Teleskopowe Elektryczne,,,20m,-,-
5077,Podnośnik teleskopowo - przegubowy spalinowy 16m,,artykuł,Podesty przegubowo-teleskopowe diesel,x,,,Podnośniki Teleskopowe,Podnośniki Teleskopowe Spalinowe,,,16m,-,-
9050,Podnośnik teleskopowo - przegubowy spalinowy 16m,,artykuł,Podesty przegubowo-teleskopowe diesel,x,,,Podnośniki Teleskopowe,Podnośniki Teleskopowe Spalinowe,,,16m,-,-
9051,Podnośnik teleskopowo - przegubowy spalinowy 16m,,artykuł,Podesty przegubowo-teleskopowe diesel,x,,,Podnośniki Teleskopowe,Podnośniki Teleskopowe Spalinowe,,,16m,-,-
7055,Podnośnik teleskopowo - przegubowy spalinowy 16m,,artykuł,Podesty przegubowo-teleskopowe diesel,x,,,Podnośniki Teleskopowe,Podnośniki Teleskopowe Spalinowe,,,16m,-,-
5108,Podnośnik teleskopowo - przegubowy spalinowy 16m,,artykuł,Podesty przegubowo-teleskopowe diesel,x,,,Podnośniki Teleskopowe,Podnośniki Teleskopowe Spalinowe,,,16m,-,-
5062,Podnośnik teleskopowo - przegubowy spalinowy 16m,,artykuł,Podesty przegubowo-teleskopowe diesel,x,,,Podnośniki Teleskopowe,Podnośniki Teleskopowe Spalinowe,,,16m,-,-
8051,Podnośnik teleskopowo - przegubowy spalinowy 20m,,artykuł,Podesty przegubowo-teleskopowe diesel,x,,,Podnośniki Teleskopowe,Podnośniki Teleskopowe Spalinowe,,,20m,-,-
10046,Podnośnik teleskopowo - przegubowy spalinowy 20m,,artykuł,Podesty przegubowo-teleskopowe diesel,x,,,Podnośniki Teleskopowe,Podnośniki Teleskopowe Spalinowe,,,20m,-,-
10079,Podnośnik teleskopowo - przegubowy spalinowy 20m,,artykuł,Podesty przegubowo-teleskopowe diesel,x,,,Podnośniki Teleskopowe,Podnośniki Teleskopowe Spalinowe,,,20m,-,-
8050,Podnośnik teleskopowo - przegubowy spalinowy 25m,,artykuł,Podesty przegubowo-teleskopowe diesel,x,,,Podnośniki Teleskopowe,Podnośniki Teleskopowe Spalinowe,,,25m,-,-
5061,Podnośnik teleskopowo - przegubowy spalinwy 16m,,artykuł,Podesty przegubowo-teleskopowe diesel,x,,,Podnośniki Teleskopowe,Podnośniki Teleskopowe Spalinowe,,,16m,-,-
11114,Podnośnik teleskopowy 16m,,artykuł,ogólna,x,,,Podnośniki Teleskopowe,Podnośniki Teleskopowe Spalinowe,,,16m,-,-
10115,Podośnik nożycowy elektryczny 16m,,artykuł,ogólna,x,,,Podnośniki Nożycowe,Podnośniki Nożycowe Elektryczne,,,16m,-,-
8062,Usluga ładowarką teleskopową 6m,,Usługa,Ladowarki teleskopowe,x,,,Ładowarka teleskopowa,,,,6m,-,-
10085,Usługa ładoarką teleskopową z przedłużkami,,Usługa,Ladowarki teleskopowe,x,,,Ładowarka teleskopowa,,,,-,-,Z przedłużkami
10076,Usługa ładowarką obrotową,niejednolite nazewnictwo -> Usługa ładowarką teleskopową obrotową,Usługa,ogólna,x,,,Ładowarka teleskopowa,Ładowarki Teleskopowe Obrotowe,,,-,-,-
10069,Usługa ładowarką obrotową 21m,niejednolite nazewnictwo -> Usługa ładowarką teleskopową obrotową,Usługa,ogólna,x,,,Ładowarka teleskopowa,Ładowarki Teleskopowe Obrotowe,,,21m,-,-
11116,Usługa ładowarką teleskopową,,Usługa,ogólna,x,,,Ładowarka teleskopowa,,,,-,-,-
5053,Usługa ładowarką teleskopową,,Usługa,Ladowarki teleskopowe,x,,,Ładowarka teleskopowa,,,,-,-,-
10071,Usługa ładowarką teleskopową 13m,,Usługa,Ladowarki teleskopowe,x,,,Ładowarka teleskopowa,,,,13m,-,-
10101,Usługa ładowarką teleskopową 14m,,Usługa,Ladowarki teleskopowe,x,,,Ładowarka teleskopowa,,,,14m,-,-
10100,Usługa ładowarką teleskopową 14m/17m,do wyjaśnienia,Usługa,Ladowarki teleskopowe,x,,,Ładowarka teleskopowa,,,,14m/17m,-,-
10110,Usługa ładowarką teleskopową 17,,Usługa,ogólna,x,,,Ładowarka teleskopowa,,,,17m,-,-
10047,Usługa ładowarką teleskopową 17m,,Usługa,Ladowarki teleskopowe,x,,,Ładowarka teleskopowa,,,,17m,-,-
12127,Usługa ładowarką teleskopową 18m,,Usługa,ogólna,x,,,Ładowarka teleskopowa,,,,18m,-,-
8052,Usługa ładowarką teleskopową 25m,,Usługa,Ladowarki teleskopowe,x,,,Ładowarka teleskopowa,,,,25m,-,-
12103,Usługa ładowarką teleskopową 6m,,Usługa,ogólna,x,,,Ładowarka teleskopowa,,,,6m,-,-
10053,Usługa ładowarką teleskopową 6m,,Usługa,Ladowarki teleskopowe,x,,,Ładowarka teleskopowa,,,,6m,-,Łyżka
5044,Usługa ładowarką teleskopową 6m z łyżka,,Usługa,Ladowarki teleskopowe,x,,,Ładowarka teleskopowa,,,,6m,-,-
10102,Usługa ładowarką teleskopową 7m,,Usługa,Ladowarki teleskopowe,x,,,Ładowarka teleskopowa,,,,7m,-,-
10058,Usługa ładowarką teleskopową 9m,,Usługa,Ladowarki teleskopowe,x,,,Ładowarka teleskopowa,,,,9m,-,-
5051,Usługa ładowarką teleskopową obrotową,,artykuł,Ladowarki teleskopowe obrotowe,x,,,Ładowarki Teleskopowe ,Ładowarki Teleskopowe Obrotowe,,,-,-,-
8055,Usługa ładowarką teleskopową obrotową 16m,,Usługa,Ladowarki teleskopowe obrotowe,x,,,Ładowarka teleskopowa,Ładowarki Teleskopowe Obrotowe,,,16m,-,-
11100,Usługa ładowarką teleskopową obrotową 18m,,Usługa,ogólna,x,,,Ładowarka teleskopowa,Ładowarki Teleskopowe Obrotowe,,,18m,-,-
11109,Usługa ładowarką teleskopową obrotową 21m,,Usługa,ogólna,x,,,Ładowarka teleskopowa,Ładowarki Teleskopowe Obrotowe,,,21m,-,-
12124,Usługa ładowarką teleskopową obrotową 21m,,Usługa,ogólna,x,,,Ładowarka teleskopowa,Ładowarki Teleskopowe Obrotowe,,,21m,-,-
11093,Usługa ładowarką teleskopową obrotową 25m,,Usługa,ogólna,x,,,Ładowarka teleskopowa,Ładowarki Teleskopowe Obrotowe,,,25m,-,-
8045,Usługa wózkiem widłowym,,Usługa,Wózki widlowe,x,,,Wozidła,Wózki widłowe,,,-,-,-
10091,Usługa wózkiem widłowym,,Usługa,Wózki widlowe,x,,,Wozidła,Wózki widłowe,,,-,-,-
2020,Usługa wózkiem widłowym 14m,,Usługa,Wózki widlowe,x,,,Wozidła,Wózki widłowe,,,14m,-,-
2021,Usługa wózkiem widłowym 14m,,Usługa,Wózki widlowe,x,,,Wozidła,Wózki widłowe,,,14m,-,-
2022,Usługa wózkiem widłowym 14m,,Usługa,Wózki widlowe,x,,,Wozidła,Wózki widłowe,,,14m,-,-
2023,Usługa wózkiem widłowym 14m,,Usługa,Wózki widlowe,x,,,Wozidła,Wózki widłowe,,,14m,-,-
2018,Usługa wózkiem widłowym 6m,,Usługa,Wózki widlowe,x,,,Wozidła,Wózki widłowe,,,6m,-,-
2019,Usługa wózkiem widłowym 6m,,Usługa,Wózki widlowe,x,,,Wozidła,Wózki widłowe,,,6m,-,-
8070,wózek widłowy,,artykuł,Wózki widlowe,x,,,Wozidła,Wózki widłowe,,,-,-,-
8066,Wózek widłowy,,artykuł,Wózki widlowe,x,,,Wozidła,Wózki widłowe,,,-,-,-
10068,Wózek widłowy,,artykuł,Wózki widlowe,x,,,Wozidła,Wózki widłowe,,,-,-,-
7045,Ładowarka teleskopowa 10t,,artykuł,Ladowarki teleskopowe,x,,,Ładowarki Teleskopowe ,,,,-,10,-
7049,Minikoparka 5t,,artykuł,ogólna,x,,,Maszyny Do Prac Ziemnych,Minikoparki,,,-,5,-
8060,Ładowarka obrotowa 4t,,artykuł,ogólna,x,,,Ładowarki Teleskopowe,Ładowarki Teleskopowe Obrotowe,,,-,4,-
10064,Ładowarka teleskopowa JLG 3513,,artykuł,Ladowarki teleskopowe,x,JLG 3513,,Ładowarki Teleskopowe ,Ładowarki Teleskopowe Sztywne,,,-,"3,5",
10097,"Minikoparka 3,5t",,artykuł,ogólna,x,,,Maszyny Do Prac Ziemnych,Minikoparki,,,-,"3,5",-
10107,"Minikoparka 2,5t",,artykuł,ogólna,x,,,Maszyny Do Prac Ziemnych,Minikoparki,,,-,"2,5",-
11115,"Minikoparka 2,5t",,artykuł,ogólna,x,,,Maszyny Do Prac Ziemnych,Minikoparki,,,-,"2,5",-
5111,"Minikoparka 2,5t",,artykuł,ogólna,x,,,Maszyny Do Prac Ziemnych,Minikoparki,,,-,"2,5",-
12118,Minikoparka 2t,,artykuł,ogólna,x,,,Maszyny Do Prac Ziemnych,Minikoparki,,,-,2,-
9052,"Minikoparka 1,8t",,artykuł,ogólna,x,,,Maszyny Do Prac Ziemnych,Minikoparki,,,-,"1,8",-
12115,Zagęszczarka stopowa,,artykuł,ogólna,x,,,Akcesoria,Zagęszczarka stopowa,,,,,
12109,Chwytak do płyt,,artykuł,ogólna,x,,,Akcesoria,Przyssawka do płyt warstwowych,,,,,
3034,hak,,artykuł,ogólna,x,,,Akcesoria,Hak obrotowy,,,,,
10065,Hak do ładowarki,,artykuł,ogólna,x,,,Akcesoria,Hak obrotowy,,,,,
7053,Hak do zawiesi,,artykuł,ogólna,x,,,Akcesoria,Hak obrotowy,,,,,
11103,Kosz do ładowarki obrotowej,,artykuł,ogólna,x,,,Akcesoria,Kosz osobowy,,,,,
5085,Kosz do ładowarki obrotowej 16 m,,artykuł,ogólna,x,,,Akcesoria,Kosz osobowy,,,,,
10114,Kosz osobowy,,artykuł,ogólna,x,,,Akcesoria,Kosz osobowy,,,,,
11098,Kosz osobowy,,artykuł,ogólna,x,,,Akcesoria,Kosz osobowy,,,,,
10048,Łyżka do ładowarki,,artykuł,ogólna,x,,,Akcesoria,Łyżka do ładowarki,,,,,
10055,Łyżka do ładowarki,,artykuł,ogólna,x,,,Akcesoria,Łyżka do ładowarki,,,,,
12111,Podest teleskopowo - przegubowy spalinowy 16m,usługa -> artykuł,Usługa,Podesty przegubowo-teleskopowe,x,,,Podesty ruchome,,,,,,
12102,Podnośnik,,artykuł,ogólna,x,,,Podnośniki,,,,,,
3033,Przedłuzki,,artykuł,ogólna,x,,,Akcesoria,Przedłużenie wideł,,,,,
5064,Przedłużenie wideł,,artykuł,ogólna,x,,,Akcesoria,,Przedłużenie wideł,,,,
5054,przedłużki,,artykuł,ogólna,x,,,Akcesoria,Przedłużenie wideł,,,,,
4059,Przedłużki do wideł,,artykuł,ogólna,x,,,Akcesoria,,Przedłużenie wideł,,,,
12121,Przyssawka do płyt warstwowych,,artykuł,ogólna,x,,,Akcesoria,Przyssawka do płyt warstwowych,,,,,
8056,test,,artykuł,ogólna,x,,,x,,,,,,
11126,test,,artykuł,ogólna,x,,,x,,,,,,
8065,test usługi,?,Usługa,ogólna,x,,,Test,,,,,,
10112,Usługa HDS,,Usługa,ogólna,x,,,HDS,,,,,,
10099,Usługa HDS,,Usługa,ogólna,x,,,HDS,,,,,,
10067,Usługa ładowarką obrotową 16m z wciągarką,niejednolite nazewnictwo -> Usługa ładowarką teleskopową obrotową,Usługa,ogólna,x,,,Ładowarka teleskopowa,Ładowarka teleskopowa obrotowa,,,16m,,Wyciągarka
5107,Usługa mini żurawiem,,Usługa,ogólna,x,,,Mini żuraw,,,,,,
11091,Usługa mini żurawiem dekarskim,,Usługa,ogólna,x,,,Mini żuraw,,,,,,Dekarski
12130,Usługa minikoparka,,Usługa,ogólna,x,,,Maszyny Do Prac Ziemnych,Minikoparki,,,,,
11111,Usługa minikoparką,,Usługa,ogólna,x,,,Maszyny Do Prac Ziemnych,Minikoparki,,,,,
12097,Usługa podnośnik koszowy na samochodzie 30m,,Usługa,ogólna,x,,,Podnośnik na samochodzie,Podnośnik koszowy na samochodzie,,,,,Samochód 30m
11128,Usługa podnośnik koszowy na samochodzie 40m,,Usługa,ogólna,x,,,,Podnośnik koszowy na samochodzie,,,,,Samochód 40m
12133,Usługa podnośnikiem teleskopowo - przegubowym 16m,,Usługa,ogólna,x,,,,,,,,,
2014,Usługa żurawiem,,Usługa,ogólna,x,,,Żuraw,,,,,,
10081,Usługa żurawiem kołowym 70m,,Usługa,ogólna,x,,,Żuraw,Żuraw kołowy,,,70m,,
11094,Wciągarka do ładowarki,,artykuł,ogólna,x,,,Akcesoria,Wciągarka typu żuraw,,,,,
11104,Wciągarka do ładowarki,,artykuł,ogólna,x,,,Akcesoria,Wciągarka typu żuraw,,,,,
10072,Wywóz gruzu,,Usługa,Wózki widlowe,x,,,Wywóz gruzu,,,,,,
12112,Zagęszczarka stopowa,,artykuł,ogólna,x,,,Akcesoria,Zagęszczarka stopowa,,,,,
10066,Zawiesia łańcuchowe,,artykuł,ogólna,x,,,Akcesoria,Zawiesia łańcuchowe,,,,,
7046,żuraw do ładowarki,,artykuł,ogólna,x,,,Akcesoria,Żuraw do ładowarki teleskopowej,,,,,
8061,Żuraw do ładowarki,,artykuł,ogólna,x,,,Akcesoria,Żuraw do ładowarki teleskopowej,,,,,